[
  {
    "id": 1755656556598,
    "title": "Titulo",
    "content": "# Titulo com markdown\n\n**texto em negrito**\n\n## Quebra de linha assim\n\n### Título menor\n\ntexto comun",
    "label": "teste",
    "slug": "titulo",
    "date": "Aug 19",
    "createdAt": "2025-08-20T02:22:36.643Z"
  },
  {
    "id": 1755692218076,
    "title": "q",
    "content": "# q",
    "label": "q",
    "slug": "q",
    "date": "Aug 20",
    "createdAt": "2025-08-20T12:16:58.106Z"
  },
  {
    "id": 1755791382187,
    "title": "Title",
    "content": "Title",
    "label": "Title",
    "slug": "title",
    "date": "Aug 21",
    "createdAt": "2025-08-21T15:49:42.216Z",
    "image": null
  },
  {
    "id": 1755791392400,
    "title": "Title",
    "content": "![Title](/uploads/1755791392348-Design sem nome (2).png){position=full}\n\nTitle",
    "label": "Title",
    "slug": "title",
    "date": "Aug 21",
    "createdAt": "2025-08-21T15:49:52.434Z",
    "image": null
  },
  {
    "id": 1755791787082,
    "title": "TItle",
    "content": "# TITLE",
    "label": "ds",
    "slug": "title",
    "date": "Aug 21",
    "createdAt": "2025-08-21T15:56:27.108Z",
    "image": "/uploads/1755791786948-vecteezy_satisfied-male-office-worker-calling-his-wife-to-notify-her_11100758.JPG"
  },
  {
    "id": 1755791855021,
    "title": "title",
    "content": "ttilete",
    "label": "xxz",
    "slug": "title",
    "date": "Aug 21",
    "createdAt": "2025-08-21T15:57:35.051Z",
    "image": "/uploads/1755791855013-Design sem nome (2).png"
  }
]